ID,post_title,post_name
133,Google App Engine勉強会（DateStoreまわりの勉強）,google-app-engine
134,[iOS]Alminium[redmine]のGitリポジトリへの接続手順（Mac）,alminium-git01
142,[iOS]failed to get the task for process 4481が出た場合の対処法,failed-to-get-the-task-for-process-4481
145,[Alminium][Redmine]複数のリポジトリを作る場合の注意点,alminiummultirepo
146,[Wordpress]プラグインなしでSEO対策（カスタムフィールド利用など）,wpseonoplugin
147,[Alminium][Redmine]リポジトリブラウザ画面で504エラー（Timeout）してしまう場合,redminerepoerror504
347,[iOS7][Xcode5]ステータスバーを非表示にする方法,ios7statusbarhidden
345,[eclipse][java]自動でゲッターセッターを挿入する方法,eclipsejavagettersetter
349,[CSS][Wordpress]imgタグに対して中央揃えにする方法,cssimgcenter
350,Xcode5.0.1リリース〜botsを使ったテスト、Gitリモートリポジトリ作成メニューが追加〜,xcode501release
352,[iOS7][Xcode5]ナビゲーションバーの下にView要素が潜ってしまう場合の対処法,ios7navigationbarmoguru
353,[iOS]アプリ申請時に「the network connection was lost」が出た場合,iosnetworkconnectionlost
148,[iOS]stringWithContentsOfFileでdeprecatedとwarningが表示されてしまう場合の対処,iosstringwithcontentsoffilewarning
156,[iOS7]iPhoneアプリをiPadで見た場合のWebViewのdevice-widthが変更されて画面表示が崩れる場合の対処法,ios7ipadwebviewwidth
164,[Android]intentでtwitter投稿時にBitmap画像を入れたい場合の対処方法,android-intent-tw-image
169,[Android]WebViewからローカル画像を参照する方法,android-webview-localimg
183,"[mongoDB]child process started successfully, parent exitingのエラーが出る場合",mongodb-service-error
189,[iOS7]LEDライトを制御する方法,ios7ledcontroll
194,[iOS]Your app has the UIFileSharingEnabled key set to true in the Info.plistでリジェクトされた場合の対処,uifilesharingenabled_reject
230,[iOS]saveImageToPhotosAlbumでエラーが出た場合の対処法,saveimagetophotosalbum
241,[Android]アプリ内課金 Implementing In-app Billing (IAB Version 3),android-in-app-billing-iab-version-3
318,[Mac]Dashで高速にリファレンス検索!!おすすめ!,dash
322,[Dash]Sublime Textと連携して利用する方法,dash-sublimetext
327,[Dash]Xcodeと連携して利用する方法,dash-xcode
329,[Facebook Developers]アプリステータスが変更できない場合,facebook-developers-app-status
341,[redmine]チケット一覧画面に進捗率を表示させたい場合,redmine-ticket-shintyoku
69,Wordpressのリリースを劇的に楽にするツール「WordMove」の使い方,wordmove
817,[Google Apps]ドメインエイリアス追加して違うアドレスでメール送受信する方法,google-apps-domain-add
2955,アプリ開発でのUI・UXデザイン参考サイトまとめ,app-designsite-matome
4585,Webデザインで参考になるサイトまとめ（随時更新）,web-design-matome
4600,Visual Studio Codeを使ってみた,visual-studio-code-usage
4604,[随時更新]Visual Studio Codeのおすすめエクステンション（拡張機能）紹介,visual-studio-code-recommend-plugin
4611,[iOS][Swift]Realm Mobile Platformを使ってサーバとのリアルタイム同期を試してみた,ios-realm-mobile-platform-usage
4616,Go言語ならたった20行ほど!!HTTP2対応サーバの作り方,golang-http2-server
5166,Google AdSenseの管理画面がリニューアルされましたよ！,google-adsense-renewal
5170,Docker for Macを使ってサクッとLaravel環境を構築する,docker-mac-php-laravel5-setup
5177,Docker for Windowsを使ってさくっとPHP + Laravel5の環境を構築,docker-windows-php-laravel5-setup
5182,[iOS]リリース後のクラッシュログ収集の決定版Twitter Fabricの使い方（インストール変）,app-crashlytics-install
5185,iOS、Adnroidのネイティブアプリが一緒に作れる！Visual Studio for Macを早速インストールしてみた,visual-studio-for-mac-install
5199,Laravelハンズオンセミナー（PHP7+Laravel5+TypeScript+Vue.jsでCRUDアプリを作る）,event-php7-laravel5-typescript-vuejs
5201,Rails5ハンズオンセミナー（RailsとVue.jsでCRUDアプリを作る）,event-rails5-vuejs-crud
5205,Kotlinサーバサイドハンズオンセミナー（Springフレームワークを使ってCRUDアプリを作る）,kotlin-serverside-seminor
5587,Docker for MacでRails5.1+Vue.jsの環境をサクッと構築,docker-mac-rails51-vuejs-setup
5597,MacのFinderをアドレスバー追加で高速にフォルダ移動できる「FinderPath」の使い方,mac-finderpath-usage
5602,GmailAPIで迷惑メールにならずメール送信できるWordpressプラグイン「PostmanSMTP」の使い方,wp-oauth-postman-smtp-usag
5613,React Nativeハンズオンセミナー（iOS・AndroidのTODOアプリを作る）,react-native-hanson-seminar